svm_linear,0.59,0.59
svm_polynomial,0.683333333333,0.755
svm_rbf,0.96,0.895
logistic,0.593220338983,0.59
knn,0.95,0.925
decision_tree,0.966666666667,1.0
random_forest,0.966666666667,0.985
